ug/ml,Area
0.11809,12976
1.1809,106391
11.809,1122689
118.09,8719535
0.11809,9162
1.1809,77629
11.809,861801
118.09,6363920
0.11809,8172
1.1809,63368
11.809,1013604
118.09,5832444
